file,execution_time,memory_usage_delta,exit_code
photo-1564425229856-bc58f33e8bfd.jpg,0.09739591700000005,157089792,0
photo-1660948846287-5c9a227d3c7e.jpg,0.23329320800000009,-185008128,0
photo-1448305016557-ca10bc06b19b.jpg,0.12738312500000015,244416512,0
photo-1548113501-1c163f75e85c.jpg,0.0886354159999998,20938752,0
photo-1423145406370-2b342ae5b597.jpg,0.10764658299999974,-2179072,0
photo-1557653826-2d4462ee208c.jpg,0.26328220800000013,-245940224,0
photo-1596494469204-1249f905e705.jpg,0.13519508300000016,269549568,0
photo-1561926985-b79be4fb9f9b.jpg,0.09465366600000014,17940480,0
photo-1547487452-5bdd9ce63723.jpg,0.10887116700000021,22888448,0
photo-1562516685-488706077e1c.jpg,0.060516041999999715,16891904,0
photo-1540907286650-cfab75821850.jpg,0.15739883400000032,350076928,0
photo-1560540771-75f47b3bc2db.jpg,0.05655549999999998,3719168,0
photo-1505880392251-8db1fde08030.jpg,0.14586054200000031,-101007360,0
photo-1586398117614-cd35510c163b.jpg,0.15039099999999994,140673024,0
photo-1558470622-bd37a3c489e7.jpg,0.13030370799999957,17432576,0
photo-1560743641-3914f2c45636.jpg,0.05783237500000027,-8306688,0
photo-1579803978998-084e5be7ad9a.jpg,0.1235343750000002,71286784,0
photo-1589493686016-6cd1f3622c6b.jpg,0.14038112500000022,8585216,0
30ddbd81.jpg,0.09704099999999993,7077888,0
pfHrY2VQaGJuCsrFljKy_IMG_0257.JPG.jpg,0.05502379099999999,2818048,0
photo-1563923084194-878d186c3ff0.jpg,0.09487100000000037,13467648,0
photo-1578242078110-da4aa1283a1e.jpg,0.11565404099999999,15630336,0
photo-1565205537966-4827080d5382.jpg,0.07872733399999987,-2015232,0
photo-1588414734732-660b07304ddb.jpg,0.133456625,146800640,0
photo-1565642902549-61d5d0039855.jpg,0.09165349999999961,8290304,0
photo-1547413749-dd39525702cd.jpg,0.11493129099999955,-704512,0
photo-1588885444050-ae1b99a152d9.jpg,0.10148529200000134,-6897664,0
photo-1544259342-306eccfec481.jpg,0.09461345799999954,19283968,0
photo-1567523953130-cae0a2df7060.jpg,0.10483329200000036,13828096,0
photo-1574287046115-e553830d20a5.jpg,0.11452899999999921,15941632,0
photo-1530053969600-caed2596d242.jpg,0.09528520799999995,24821760,0
photo-1580314489985-bd5f9902a2b1.jpg,0.27294216700000007,-217038848,0
photo-1518595122451-6b56ca0ceb4d.jpg,0.11007787499999999,189153280,0
photo-1559729460-a841fc9d36c3.jpg,0.12702537499999877,250953728,0
photo-1423068728938-d506c096081e.jpg,0.09181241699999987,24608768,0
photo-1577893699140-cb3aff134354.jpg,0.1571067080000006,164216832,0
photo-1429279684222-2c35cecbd635.jpg,0.07060512500000016,-153092096,0
photo-1552756295-001bf94ed823.jpg,0.06311533300000072,49102848,0
photo-1548604303-af502df13131.jpg,0.09983224999999862,10371072,0
photo-1581666817860-db1e3f1de344.jpg,0.13620370800000003,163315712,0
photo-1577387701116-b79d81ec7a07.jpg,0.08967800000000103,1376256,0
photo-1502886227923-92453428325f.jpg,0.10713937499999915,0,0
photo-1577573352974-e290981795c0.jpg,0.10015291699999906,0,0
photo-1559948234-1d48d25445c9.jpg,0.12037883300000018,-141344768,0
photo-1502646736508-514e1d5de6f1.jpg,0.11788408299999986,57999360,0
photo-1581769023121-aea64c11033c.jpg,0.09672741699999854,8142848,0
photo-1558097005-4e0ef795650c.jpg,0.1668960419999994,1998848,0
photo-1472791062772-18dca807fdcc.jpg,0.10771995800000056,51396608,0
photo-1426001094903-70f302dc2d24.jpg,0.06848245800000008,49790976,0
photo-1567008242066-d3d18ea8d895.jpg,0.12014291699999902,20234240,0
photo-1565703860415-27df9f1d35a6.jpg,0.09249620800000002,3129344,0
photo-1470347630276-b592bce24d96.jpg,0.12321995900000005,-229376,0
photo-1576678052826-04fd6590483f.jpg,0.07065020799999999,-3719168,0
photo-1566572179133-512205811f1f.jpg,0.17404079199999956,-8519680,0
photo-1582056186744-e1eeadb3e5ce.jpg,0.1094915830000005,19857408,0
photo-1435986422910-f97d6d811f09.jpg,0.1303383750000009,21708800,0
photo-1571625109531-5dc31c50de7e.jpg,0.08491762500000277,18022400,0
photo-1414521203994-7efc0bc37d65.jpg,0.09119854200000077,13074432,0
photo-1577175824945-ebc75a6b804e.jpg,0.13505237500000078,-12353536,0
photo-1445877156333-befcf3e25f07.jpg,0.10000012499999755,11714560,0
photo-1582161127477-bb3873fb0e7c.jpg,0.10187937499999933,57327616,0
photo-1563050961-e853897c2afa.jpg,0.05774654200000029,10584064,0
photo-1546941180-073df0bc8154.jpg,0.13249945800000162,17694720,0
photo-1556857968-5860f7f65ac7.jpg,0.1268657080000004,13598720,0
photo-1570528506541-4043c99f6174.jpg,0.11865216700000047,23478272,0
photo-1541785891419-d06983b463c5.jpg,0.05798874999999981,1327104,0
f7a44cdc.jpg,0.04735429099999777,688128,0
photo-1566449502181-6d2c68bd67f1.jpg,0.12941424999999995,27410432,0
photo-1579128191615-c22cde169e1e.jpg,0.2676633750000015,-198541312,0
photo-1591394262835-d04983289f2e.jpg,0.08353458299999872,46465024,0
photo-1580279369450-1fa44228f145.jpg,0.1605410419999984,305938432,0
photo-1454105511235-eda89ad84214.jpg,0.10472804099999777,425984,0
photo-1578777306630-08269fce6299.jpg,0.10211679200000034,-9879552,0
photo-1549915348-63483f3c16a2.jpg,0.12169391599999813,17055744,0
photo-1496077829026-34381c736acb.jpg,0.08887095800000111,573440,0
photo-1544261378-1d991c5816d1.jpg,0.12661312499999866,70860800,0
photo-1542020294014-fcc4c6cab938.jpg,0.12331666599999735,7012352,0
photo-1580246062948-046caedc57b8.jpg,0.1127132909999986,25591808,0
photo-1556503868-012fa6d205b5.jpg,0.08128141699999958,0,0
photo-1569163290221-8357703fbc93.jpg,0.07057554200000027,19152896,0
photo-1508435019585-b4397e835af9.jpg,0.11849087499999911,6340608,0
photo-1556198531-4b18aba1e6a3.jpg,0.061687124999998844,4521984,0
photo-1553300261-a778c5e4d27c.jpg,0.08201733399999966,1359872,0
photo-1435081488252-576e730fa6f0.jpg,0.0875780000000006,11485184,0
photo-1452274381522-521513015433.jpg,0.09138208299999917,0,0
photo-1565090116739-359c8ae0a83b.jpg,0.08391241600000043,0,0
photo-1540509091513-39cb2c5fa101.jpg,0.10781037499999968,24444928,0
photo-1457438538249-d28ca5be8493.jpg,0.045901041000000475,0,0
photo-1482423363663-354226e53eb3.jpg,0.0895935829999992,0,0
photo-1551382801-104df360840a.jpg,0.10331916600000213,0,0
photo-1483631224226-a219224bb76e.jpg,0.06622462500000026,0,0
cacce378.jpg,0.15421341600000105,-8568832,0
photo-1470222852863-3051571b0972.jpg,0.11049737499999779,9764864,0
photo-1575763387988-8115667500f0.jpg,0.11260724999999994,41762816,0
photo-1441441247730-d09529166668.jpg,0.08834120800000278,15056896,0
photo-1577657655074-8bd55df63190.jpg,0.1759160830000006,118358016,0
photo-1599499462686-3ed0badee8c3.jpg,0.1004149589999983,26558464,0
photo-1583534905994-31066c6f00c7.jpg,0.11222641600000216,7372800,0
photo-1572926598340-edec895c4335.jpg,0.1335646670000017,2408448,0
photo-1572880655465-8b668bca4ceb.jpg,0.07460654100000141,999424,0
photo-1561363702-e07252da3399.jpg,0.09502562500000167,-1081344,0
photo-1549215785-367f037b0cec.jpg,0.11789845800000265,43450368,0
photo-1436968188282-5dc61aae3d81.jpg,0.09657091700000109,-25313280,0
photo-1419193217437-b64efac4f132.jpg,0.09959091600000036,100106240,0
photo-1582137923915-647da260f4de.jpg,0.17510895799999915,232636416,0
photo-1553197661-485e7380b810.jpg,0.11252329199999878,34439168,0
photo-1541646481136-bd3565684ff2.jpg,0.08884487499999949,11534336,0
photo-1549750689-087116e85a44.jpg,0.11612904200000074,0,0
photo-1568036937390-8524419b899f.jpg,0.2658673329999992,-290078720,0
photo-1585421621926-48e334cb08c8.jpg,0.11663041599999957,232357888,0
photo-1476845114572-f397fbe549b1.jpg,0.1418316250000018,122781696,0
photo-1635715521114-112d7fcba048.jpg,0.15430004199999914,128745472,0
photo-1546423214-2eee206174a5.jpg,0.28877916600000475,-351125504,0
photo-1552919916-fcee0069bd62.jpg,0.11431470800000199,204292096,0
photo-1492273840898-6102ad35701e.jpg,0.1550732919999973,234946560,0
photo-1561553032-d2113d47c7f6.jpg,0.0755724169999965,-638976,0
frozen-grass.JPG.jpg,0.08486745799999795,12861440,0
photo-1553411725-fccad8e78676.jpg,0.11327391700000078,42762240,0
photo-1422806310414-91469fe4977e.jpg,0.07878366700000328,2850816,0
photo-1568131942689-3506b088e13d.jpg,0.10644699999999574,0,0
photo-1569591159212-b02ea8a9f239.jpg,0.10833424999999863,10682368,0
photo-1557820275-cf4827d0926d.jpg,0.08689937500000156,2523136,0
photo-1565011761573-09d9db5ccd9b.jpg,0.09558183299999712,53493760,0
photo-1556701952-aa9b5a9f0a63.jpg,0.08486758400000127,46481408,0
photo-1590244930261-c2a2e4a70b2b.jpg,0.10368170799999632,-9109504,0
photo-1548141743-a8c9f7e41db8.jpg,0.10675320899999718,11321344,0
photo-1585586058181-52e4fc24bc99.jpg,0.26950008299999695,-195919872,0
photo-1591797761702-3c77e37babe9.jpg,0.06745291699999711,38912000,0
photo-1543441246-0c431f3ffe9d.jpg,0.07878795799999949,56016896,0
photo-1563311238-3bdfb680b4a8.jpg,0.22595966699999792,-148619264,0
photo-1511027643875-5cbb0439c8f1.jpg,0.11799899999999752,202326016,0
photo-1544886324-044d2b1e5820.jpg,0.16587537499999883,321699840,0
photo-1503587209101-a62878726384.jpg,0.09874858300000255,23461888,0
photo-1556858137-020e25d3cac6.jpg,0.10380887499999858,8470528,0
photo-1495688305665-8b4c543295f2.jpg,0.11840037500000022,28573696,0
photo-1565210440293-5685614f9f88.jpg,0.10477808299999936,3555328,0
photo-1575469647214-09c887dffaf6.jpg,0.08358833300000157,39337984,0
photo-1546013385-9318bcdef4d8.jpg,0.08629416600000184,12304384,0
photo-1571408251302-8ea94ac3170a.jpg,0.10798470900000012,37453824,0
photo-1591304033812-4f1b90beb322.jpg,0.10073616700000088,30965760,0
photo-1564536378926-44e8dd3f54f8.jpg,0.12410854099999824,25968640,0
photo-1581610186406-5f6e9f9edbc1.jpg,0.11381704200000087,74530816,0
photo-1547835633-40a93473c488.jpg,0.06663745799999532,-51806208,0
photo-1445384153502-5b921b006ee2.jpg,0.08299683300000282,0,0
photo-1455824048252-3571df13b276.jpg,0.04596620800000295,0,0
photo-1552417145-0495be00ba96.jpg,0.07323866600000173,294912,0
photo-1562159126-54d1fa23f94f.jpg,0.2880073749999994,-441729024,0
photo-1557090039-0ab1ff2e1f77.jpg,0.11649966699999936,271187968,0
photo-1552839576-02fc3004f50d.jpg,0.07938295900000014,74547200,0
photo-1560253811-b8f03d701485.jpg,0.07948254200000093,17383424,0
photo-1488034976201-ffbaa99cbf5c.jpg,0.16236679100000373,128843776,0
photo-1583091893476-0766fc843f21.jpg,0.08313937500000179,18284544,0
photo-1584301786762-8c88bbde14f3.jpg,0.09343329200000028,65536,0
photo-1571118739769-8ddaf2a32203.jpg,0.1437523329999948,40173568,0
photo-1585314659029-d0042fc4b09d.jpg,0.1472169999999977,254230528,0
photo-1560769680-ba2f3767c785.jpg,0.07582674999999739,71942144,0
photo-1577647361395-ecb045b43b59.jpg,0.12525604199999663,23904256,0
photo-1573422652775-418c65e17ab9.jpg,0.24196404199999932,-341262336,0
photo-1570144491008-75ebf4003e44.jpg,0.1137239170000015,194920448,0
photo-1490028141498-929fb3ad0c1e.jpg,0.30319974999999744,-252674048,0
photo-1564365973893-296a2c5d2410.jpg,0.08068575000000067,91389952,0
photo-1557387891-238a0abfee3e.jpg,0.13459545900000336,267993088,0
photo-1545525501-0b4fe2f08cb3.jpg,0.2876331659999991,-188891136,0
photo-1507834251994-9191f78e15ac.jpg,0.09338062500000177,101662720,0
photo-1571993193052-c446c9c56554.jpg,0.08435512499999476,49561600,0
photo-1579781403313-56447cb42199.jpg,0.06434666600000583,16384,0
photo-1450873622936-c13d06e998e5.jpg,0.05914562499999931,25182208,0
photo-1551628302-211c92e0d46c.jpg,0.10970991699999644,198115328,0
photo-1545912641-15610f3dbc9e.jpg,0.0730227499999998,2899968,0
photo-1564536351705-4b971227014c.jpg,0.1082242089999994,1687552,0
photo-1571057853776-d0b33228567f.jpg,0.08728279200000344,9797632,0
photo-1544592787-1ac83baa30f0.jpg,0.2485632080000002,-273350656,0
photo-1592571579973-b0a19b5aa0c6.jpg,0.1603106669999974,364658688,0
photo-1546977605-99ef7f8b45d9.jpg,0.09461466599999824,9912320,0
photo-1422376790210-eb2edd76eca4.jpg,0.11288370900000189,-1638400,0
photo-1540745420973-d8acd1595b97.jpg,0.1243476670000021,-12959744,0
photo-1556662257-a99f482826b7.jpg,0.1433500830000014,-1294336,0
photo-1465869117406-1ca1ebbd6aa7.jpg,0.11319429200000286,54296576,0
photo-1568152749662-2cfde986e949.jpg,0.142182499999997,-8175616,0
photo-1563654437177-1b2d8f48b823.jpg,0.1378061670000008,7716864,0
photo-1541111166270-2182253e5244.jpg,0.11121816699999698,-196608,0
photo-1563735059495-9ce3cfffee7b.jpg,0.10152345799999551,16482304,0
photo-1562478264-699cf2ec5b47.jpg,0.09210545800000602,1245184,0
photo-1446001037989-e9dda9522338.jpg,0.10555695899999762,-2686976,0
photo-1560393927-5a94beeaac7c.jpg,0.09610191599999496,4767744,0
photo-1584565413502-db5cd7e28da7.jpg,0.12926720900000532,152059904,0
photo-1562351778-19ef84b59c4d.jpg,0.07230500000000006,25739264,0
photo-1565780421727-543646cefafb.jpg,0.1202689999999933,6537216,0
photo-1475298742605-632755a94346.jpg,0.11345958300000092,6635520,0
photo-1542850775-09dd9bbd2cca.jpg,0.08742762500000367,52281344,0
photo-1571745544682-143ea663cf2c.jpg,0.1184574999999981,35717120,0
photo-1580448795424-75c6283391c4.jpg,0.10238979199999676,19726336,0
photo-1560792523-38929f813623.jpg,0.11426116700000222,-20742144,0
photo-1577711128545-e7c9c31ad092.jpg,0.1152832500000045,72056832,0
photo-1590545232013-6f61caf24f6b.jpg,0.11887683300000162,21561344,0
photo-1581075013552-bba2bbf02e4a.jpg,0.10786274999999534,15450112,0
photo-1457756849838-fbe3da9a2c63.jpg,0.14893745800000602,-25231360,0
photo-1579593231956-32f9e4bd0c17.jpg,0.09682787499999534,180224,0
photo-1590421958810-cc10b8945fcc.jpg,0.6078582920000031,-266813440,0
photo-1544989387-1bbbc71d2ef5.jpg,0.1439319169999962,345194496,0
photo-1592651541357-f3069c93e11c.jpg,0.10192404200000027,10207232,0
photo-1579128190739-55bbb36da2a7.jpg,0.27787879199999566,-365510656,0
photo-1463936575829-25148e1db1b8.jpg,0.13315683400000466,285343744,0
photo-1424177818951-7f1cb626e31c.jpg,0.07049775000000125,36061184,0
photo-1575477700558-7382b222c95d.jpg,0.16860816699999503,20348928,0
photo-1564586213237-6c030abb0f5f.jpg,0.09800754199999773,56934400,0
photo-1469125155630-7ed37e065743.jpg,0.12296429199999892,84213760,0
photo-1589967899887-179610bb5f63.jpg,0.08880295800000226,4210688,0
photo-1562873497-0b3d56e176b9.jpg,0.22412429199999906,-215367680,0
photo-1578481412395-9a4cccdb82f4.jpg,0.13336987499999964,309395456,0
photo-1557697908-5e4badf95d1e.jpg,0.1527210409999995,172294144,0
photo-1498060640552-89ed324842ea.jpg,0.15524316699999474,109117440,0
photo-1435343874679-cb1e11516166.jpg,0.09515716699999643,136151040,0
photo-1582719616127-bdd5532bbce2.jpg,0.10567766699999481,29261824,0
photo-1541603185695-c71050a8811e.jpg,0.10020304100000033,49758208,0
photo-1554094180-34ec797ef2d1.jpg,0.10581425000000166,29081600,0
photo-1543651425-3260f9c9ecfb.jpg,0.18271066700000205,44826624,0
photo-1568374247505-5bb7ecac3119.jpg,0.06977591699999408,14368768,0
photo-1550164795-55fed88dac9e.jpg,0.11329137499999575,51675136,0
photo-1586076247155-5652b3ba94b4.jpg,0.05557708300000286,2867200,0
photo-1487988349427-5d284896ae26.jpg,0.08620645899999602,4980736,0
photo-1548563033-0e6f955263f2.jpg,0.09403625000000204,0,0
photo-1469007348879-390c07d73c33.jpg,0.09706904099999747,-18907136,0
photo-1570746383971-7c9cf25ac821.jpg,0.14421487500000296,22265856,0
photo-1592204153614-b9473666fd86.jpg,0.08233758400000113,31784960,0
photo-1597946824516-458f3af73a50.jpg,0.13008341699999448,9224192,0
photo-1551194201-5b634bd23931.jpg,0.08641362499999161,24985600,0
photo-1543542849-dfa396b541c8.jpg,0.09967920799999774,-786432,0
photo-1462834026679-7c03bf571a67.jpg,0.09777612499999577,1294336,0
photo-1557056421-257f26852554.jpg,0.06926508300000478,9076736,0
photo-1575090879439-83d173652927.jpg,0.14039395899999363,75759616,0
photo-1456255985051-dcbc4f615823.jpg,0.08858437499999638,7176192,0
photo-1541363706841-989e82817186.jpg,0.10564416699999413,11845632,0
photo-1553047427-a6a0ddcbb0d7.jpg,0.11006670800000506,5275648,0
photo-1448713551278-27e64beaa3fd.jpg,0.0977584589999907,-3801088,0
photo-1575588352280-e41a3f06369c.jpg,0.28544058399999983,-160546816,0
photo-1583800949141-7937c40b9d5d.jpg,0.1289535829999977,249561088,0
photo-1513517518945-a5109bfa08ef.jpg,0.1413304160000024,160956416,0
photo-1471047283799-ebd97acc0bc3.jpg,0.06496895800000857,-45547520,0
photo-1489419714522-eb568919d2ed.jpg,0.05857441599999902,4915200,0
photo-1547886569-4b9d93ddcef7.jpg,0.15583358299998906,136855552,0
photo-1446663600271-00db8247d6a0.jpg,0.08359674999999811,120750080,0
photo-1577279936836-9966d8f1b59e.jpg,0.10470095799999513,3571712,0
photo-1543662001-afbc8eda785e.jpg,0.08302766699999609,72712192,0
photo-1578842171020-f6310ff5068a.jpg,0.10425270800000419,2637824,0
photo-1586234514278-c75dff7b7c25.jpg,0.10694416699999465,18022400,0
photo-1466610549707-3c35c772f484.jpg,0.10666100000000256,14499840,0
photo-1576581531862-3cd33b8a2db6.jpg,0.11087987499999485,1687552,0
photo-1547468731-cc0bd2f11351.jpg,0.08575958400000161,12599296,0
photo-1563938749484-2b6237c0f0e3.jpg,0.2208878750000025,-316882944,0
photo-1545504562-be62ffe9d4f6.jpg,0.12331525000000454,256770048,0
photo-1580652134563-781a4bf28cfc.jpg,0.1380913750000019,211681280,0
photo-1561788544-2f4ba3bf15c6.jpg,0.11600762499999462,13598720,0
photo-1667337104773-6cb54f6dd102.jpg,0.2425133329999909,-317816832,0
photo-1565861289351-92ade3ea2f92.jpg,0.1476205409999949,315998208,0
photo-1581015651665-cdc9d268b850.jpg,0.15370724999999652,259883008,0
photo-1667326661076-972252888403.jpg,0.1785126249999962,229883904,0
photo-1560740583-0664e57560e4.jpg,0.053356124999993426,12484608,0
photo-1568397917828-25e02104303f.jpg,0.12295666699999686,15941632,0
photo-1547084675-e5ddb2c1d438.jpg,0.05764391700000715,884736,0
photo-1566598578758-d4f24d544c29.jpg,0.1076302499999997,25083904,0
photo-1567777542912-e6df6ba0b56e.jpg,0.09177462499999933,122732544,0
photo-1581806760475-f94588882649.jpg,0.09738920799999562,11796480,0
photo-1578707399887-e6d183c9e598.jpg,0.16454845799999873,56557568,0
photo-1583190791269-d9ab03272700.jpg,0.10714458399999671,59768832,0
photo-1579838883549-1888c83065e2.jpg,0.13918212500000493,27918336,0
photo-1582313161931-bb68986fc5e3.jpg,0.20626233299999797,-344113152,0
photo-1575802715184-456ae87ef4c8.jpg,0.12565987499999665,142311424,0
photo-1576506665358-f21caf7f9bf6.jpg,0.12034324999999058,12337152,0
photo-1555347622-c06d48461c6d.jpg,0.11314833299999805,9273344,0
photo-1580397570863-7e13147b1c8f.jpg,0.07400633400000345,66797568,0
photo-1566847124586-fad08845cb5a.jpg,0.09070245800000976,117161984,0
photo-1551736366-a9a83b8c11a6.jpg,0.07146383300000991,2129920,0
photo-1541757089-bc55ff4d0fec.jpg,0.07124879200000578,1556480,0
photo-1580123071152-670e4148f49b.jpg,0.06729320799999527,0,0
photo-1516415640404-0ca8b3b68958.jpg,0.17343312500000252,191954944,0
photo-1566710582818-d673dc761201.jpg,0.12418183300000862,35848192,0
photo-1592295880235-e276a337ddf1.jpg,0.12214462500000423,3473408,0
photo-1490299361165-f57b38d6ed7c.jpg,0.10836349999999584,0,0
photo-1544896990-333044d0114c.jpg,0.23679645900000423,-205160448,0
photo-1556259048-9ec918e77fa3.jpg,0.0808514170000052,101253120,0
photo-1528560114341-b6ac4bcbd3c3.jpg,0.2212078750000046,-139952128,0
photo-1511450920902-9fe72e3a2976.jpg,0.08686324999999329,111394816,0
photo-1565852998800-32a7ae69af93.jpg,0.12678912500000195,222216192,0
photo-1561033017-e81dd2bcd549.jpg,0.06643208299999515,507904,0
photo-1514827899300-736a10444e1a.jpg,0.08600074999999663,5226496,0
photo-1445985338735-0455b1c3a499.jpg,0.05934879199999443,12107776,0
photo-1584565169172-b2e8b95d4d8a.jpg,0.1477723750000024,32931840,0
photo-1450566841345-741bf07d3278.jpg,0.06697016699999381,50331648,0
photo-1493501471057-d774f693bd69.jpg,0.18840337500000714,28393472,0
photo-1574762238906-a6c90b313888.jpg,0.1052815829999929,36601856,0
photo-1414048512375-319531a5895f.jpg,0.10544970899999839,-16564224,0
photo-1518364519060-6f1a5ab11c72.jpg,0.10260379199999647,4734976,0
photo-1560222587-d5adc76484c3.jpg,0.20674762500000554,458752,0
photo-1579686067003-8b25fb62ce8e.jpg,0.1232144169999998,9535488,0
photo-1569295797789-e313b3435f9f.jpg,0.09525120900001127,40189952,0
photo-1585261777194-6744be56fd8d.jpg,0.12304149999999936,61145088,0
photo-1553808118-e66cf48e98ba.jpg,0.13890574999999217,23904256,0
photo-1563215868-2aa78b28ce4a.jpg,0.17767049999999074,182845440,0
photo-1578171080801-77565d3d50bf.jpg,0.12722287499998686,59998208,0
photo-1578253809350-d493c964357f.jpg,0.08707749999999237,60735488,0
photo-1470167494176-c2e966a4eb3d.jpg,0.0876451660000015,33439744,0
photo-1562297615-bfed1d3a4f12.jpg,0.12550687500001345,21118976,0
photo-1464823265838-c29e2a106ef6.jpg,0.10801825000000065,39534592,0
photo-1562322358-f00e81cf36fa.jpg,0.12301212500000247,-7159808,0
photo-1582314081743-15d65fc90848.jpg,0.09493987499999434,31637504,0
photo-1491538614144-3d881745c024.jpg,0.08509408400000495,0,0
photo-1550070566-9b52b563e6f3.jpg,0.06851379200000451,7913472,0
photo-1553380155-5150f910cae7.jpg,0.07629316700000288,1310720,0
unsplash_5252b10dacd20_1.JPG.jpg,0.061312125000000606,6488064,0
photo-1584302968712-70f6e2e19033.jpg,0.08271362500001089,-229376,0
photo-1447082529266-17bdec060c2a.jpg,0.12793124999998895,-38436864,0
photo-1581922819941-6ab31ab79afc.jpg,0.13741870900000208,5242880,0
photo-1507041957456-9c397ce39c97.jpg,0.10398575000000676,31211520,0
photo-1572169264789-f5c3f199e79d.jpg,0.09841262499999459,-1736704,0
photo-1591181520189-abcb0735c65d.jpg,0.061714707999996676,-2244608,0
photo-1581889979764-8cfd218fe4d8.jpg,0.11016016700000364,18219008,0
photo-1555117746-d259088e4110.jpg,0.08325245800000403,-4210688,0
photo-1586196576821-1780dc705c13.jpg,0.10688591699999961,51052544,0
photo-1542178805-14a89821bb25.jpg,0.12197349999999574,16252928,0
photo-1547491205-feacae9c0c22.jpg,0.12181066699999121,0,0
photo-1562742686-0b38a29473ab.jpg,0.0878020829999997,60964864,0
photo-1559169690-131bab5594a4.jpg,0.0811480830000022,50692096,0
photo-1548435863-99e0c533d3cc.jpg,0.07568541700000253,32768,0
photo-1564498886748-bf757f36f4d4.jpg,0.15193529200000455,69238784,0
photo-1429232119191-2d777fd0f916.jpg,0.10637099999999577,13500416,0
photo-1558666407-3e54724666df.jpg,0.12800233400000138,-704512,0
photo-1591972541598-4156c2b27f37.jpg,0.13399095799999827,-2818048,0
photo-1515179586851-584ba5a6a0d5.jpg,0.11849416699999438,25706496,0
photo-1507203333074-27528026554b.jpg,0.11786550000000773,12599296,0
photo-1592048299189-8de477cc1070.jpg,0.06150808299999255,-84787200,0
photo-1558732596-6c0afb4ccd88.jpg,0.10788512500000991,21381120,0
fqUehZ3ZRru2Kh11qDBT_IMG_0042.jpg.jpg,0.09988187499999412,4784128,0
photo-1564698010692-0fe284aae806.jpg,0.07743412499999636,8732672,0
photo-1511736515797-8aab81ec7e35.jpg,0.11709762499999954,8355840,0
photo-1518822147550-3c9999c3663c.jpg,0.10855041599999993,9617408,0
photo-1585330577395-f57941a71d53.jpg,0.13341149999999402,13385728,0
photo-1549911511-2facc3f4593f.jpg,0.12502108399999656,14516224,0
photo-1577921769778-df4315a97fd2.jpg,0.13110504099999787,43008000,0
photo-1554176332-d64e472c03fc.jpg,0.11296541600000864,1605632,0
photo-1556735744-139001b263e7.jpg,0.09754716700000188,11747328,0
photo-1582587572201-5951a993c8cc.jpg,0.2555052080000024,-296484864,0
photo-1422728295427-ed865566467d.jpg,0.0857484170000049,120619008,0
photo-1582989351634-8889e9ae2d02.jpg,0.17044525000000021,313982976,0
photo-1580298689915-73cb3035ae1f.jpg,0.07074254199999075,5177344,0
photo-1501897889906-64180ed32eee.jpg,0.0917108330000076,144490496,0
photo-1496494118863-9cf5d1e70cd6.jpg,0.1169715420000017,152240128,0
photo-1587497331631-d96d1c41946b.jpg,0.11703108400000417,137592832,0
photo-1545906785-38f53f99e380.jpg,0.13261616599999115,160235520,0
photo-1570750533960-08f30fa672f3.jpg,0.110548584,20873216,0
photo-1591856615551-53754fe0ec35.jpg,0.09152395899999988,5111808,0
photo-1581427586596-e4874e197eea.jpg,0.12200341599999831,7372800,0
photo-1541848156497-67cadcfbc7de.jpg,0.10111500000000717,44056576,0
photo-1546969430-d023da44cfec.jpg,0.12330912500000579,115113984,0
photo-1429593800333-b2dd6d671b5f.jpg,0.0681086250000078,8175616,0
photo-1585837813828-325da52c57e8.jpg,0.0981313340000014,32768,0
photo-1544920860-19cb1cccd53c.jpg,0.09561274999998659,51052544,0
photo-1551438008-f231786b4cb1.jpg,0.18017300000001057,74153984,0
photo-1470854989922-5be2f7456d78.jpg,0.09745641599999999,1310720,0
photo-1568169887940-027e8431b21f.jpg,0.12799041699999236,30572544,0
photo-1568285006086-c9bf8511e90c.jpg,0.2468300839999955,-298614784,0
photo-1501707305551-9b2adda5e527.jpg,0.0705170830000128,41189376,0
photo-1575119437835-e574de972888.jpg,0.061999208000003136,41320448,0
photo-1552300977-cbc8b08d95e7.jpg,0.11627170799999931,49741824,0
photo-1578164252417-7af409c2ff8d.jpg,0.12175204099999348,102481920,0
photo-1456353407596-c57a8cac4bab.jpg,0.05687249999999722,27885568,0
photo-1495324706025-7320e2b420eb.jpg,0.08445916600000203,-22691840,0
photo-1565494396586-af59af5ef26d.jpg,0.11178004100000294,-4046848,0
photo-1582850578041-c7b4dcb8f5df.jpg,0.16360462499999073,80347136,0
photo-1546365831-cd36e1e4d63e.jpg,0.18866187499999398,129712128,0
sky.JPG.jpg,0.08499112500000194,-70598656,0
photo-1592334319415-574f0d16bc6d.jpg,0.10205029200000126,-12402688,0
photo-1513605233592-ca45c16f487c.jpg,0.10062195800000495,8011776,0
photo-1517364875271-d5df5c419fcf.jpg,0.11881195799999489,23740416,0
photo-1586630838090-bc18a2a3b7d6.jpg,0.1305335419999949,18006016,0
photo-1432064308058-7262c211d2fa.jpg,0.07958687500000394,45465600,0
photo-1496302581885-1d0a26516858.jpg,0.11221449999999322,5963776,0
photo-1545006360-b2a8d6fb91df.jpg,0.11138716700000373,7536640,0
photo-1519380800401-724ac0a2b343.jpg,0.1204566659999955,35635200,0
photo-1557780228-9a7cdb7bb8a5.jpg,0.2098882079999953,-155090944,0
photo-1441205337478-70cb1521e35a.jpg,0.12685037500000362,214974464,0
photo-1434394872995-8739bbb0c98d.jpg,0.21359470800000224,217153536,0
photo-1544114449-8ffb1b7f555f.jpg,0.08895391699999777,103677952,0
photo-1561486462-89834a03cb72.jpg,0.09865962499999625,58867712,0
photo-1580581764285-5b9567a3649e.jpg,0.12404362499999877,43433984,0
photo-1576224975829-675f460f9288.jpg,0.07511008399998786,32768,0
photo-1558089995-80beb6b84902.jpg,0.0978341660000126,13156352,0
photo-1526258620863-a4d2c60cae39.jpg,0.10183466700000565,44482560,0
photo-1555475384-8848b4eab56a.jpg,0.09412645800000519,29671424,0
photo-1558966151-ce53aecd4af8.jpg,0.11795162500000345,27492352,0
photo-1557149537-b14d32340398.jpg,0.0684303329999949,14188544,0
photo-1550496558-d7cc0d9446e1.jpg,0.08955391699998927,32882688,0
photo-1437482097555-673b5e0adbff.jpg,0.11729766700000255,23953408,0
photo-1575427012711-699847da5651.jpg,0.1168551669999971,-3391488,0
f1f2ebf3.jpg,0.0942229999999995,-26001408,0
photo-1553429526-f61fb26671ac.jpg,0.09919212500000185,-46546944,0
photo-1550627951-4ebb041775ee.jpg,0.11460333399999456,81084416,0
photo-1549366021-9f761d450615.jpg,0.0968384159999971,102039552,0
photo-1601928475214-714d2c19c921.jpg,0.17809679200000517,167526400,0
photo-1573902836671-e7a00384d25e.jpg,0.12017550000000199,-3751936,0
photo-1422106890650-ab9795fd8703.jpg,0.07146141699999475,-1900544,0
photo-1569172447611-40c0abababda.jpg,0.10233300000000156,-3866624,0
photo-1578124465954-76b2ae7ed225.jpg,0.09440720799999269,-4751360,0
photo-1579428671377-064e50caf715.jpg,0.08805274999998858,-7405568,0
photo-1547296899-c848d96b9961.jpg,0.08493345899999838,-29949952,0
photo-1558639154-33d0c7206520.jpg,0.14141920800000207,137314304,0
photo-1568846023566-072d3f1bc93b.jpg,0.11906770900000652,-14352384,0
photo-1518961015951-32b7c7be4308.jpg,0.08981733299999917,14876672,0
photo-1570889291507-8dcf195e6d36.jpg,0.3014239589999903,-308903936,0
photo-1483621150297-aa62559c634b.jpg,0.1381015409999975,270499840,0
photo-1469130090369-32fed786f0fb.jpg,0.12123970899999392,35110912,0
photo-1577889982638-733b32626f7c.jpg,0.09507754099999488,82886656,0
photo-1576565693693-c5011a72de9a.jpg,0.11544899999999814,12075008,0
photo-1557681367-a3bea71affcd.jpg,0.12539320799999132,19939328,0
photo-1543867534-396c71972cdc.jpg,0.11509354199999677,12206080,0
photo-1576442850310-3078fc102da8.jpg,0.06475608399999544,0,0
photo-1541678725704-bdb4dac3f181.jpg,0.10707616700000244,-48103424,0
photo-1570354848266-35e1f4cd5ca5.jpg,0.2887984170000095,-172638208,0
photo-1562555580-e60808e1d58c.jpg,0.08497120799999891,112885760,0
photo-1569099254297-2cda92bef031.jpg,0.19974758300000417,-63471616,0
photo-1528470621820-ad2177f438d6.jpg,0.11536254199999973,176160768,0
photo-1564198879220-63f2734f7cec.jpg,0.13406750000000045,251281408,0
photo-1544913776-90c1223073a3.jpg,0.1834553750000083,233046016,0
photo-1590126974110-d8cb66eadbc7.jpg,0.10718370800000798,25755648,0
photo-1562646981-99894252dc7b.jpg,0.12088304099999903,56262656,0
photo-1510749097282-cbac5de4f6f1.jpg,0.08705458299999691,12042240,0
photo-1578402382615-8c856f41452e.jpg,0.19970054099999857,-161857536,0
photo-1545262810-77515befe149.jpg,0.11873425000000282,182583296,0
photo-1557474295-8fbaa04b4fee.jpg,0.11835887499999842,0,0
photo-1556429345-1a2dd76f924f.jpg,0.09282037500000229,19251200,0
photo-1573850322322-754619145e4f.jpg,0.07390750000000423,68993024,0
1d8ef901.jpg,0.08605554200001109,11780096,0
photo-1445401606302-4fd019f1c338.jpg,0.09117274999999836,1490944,0
photo-1548238848-902bc370c6e6.jpg,0.19801637499999458,-191152128,0
photo-1554618501-4aa45b49ecfb.jpg,0.108270583999996,141049856,0
photo-1561464133-58fb29433528.jpg,0.10583641700000612,89407488,0
sky-rose.jpg.jpg,0.05529729200000588,4866048,0
photo-1460717043596-034762ff5415.jpg,0.08713124999999877,17596416,0
photo-1549996547-01d74d720f4e.jpg,0.09470254100000375,0,0
photo-1561424408-8337399ad6c0.jpg,0.07733229200000835,12288000,0
photo-1582440751274-a3ddfdf16a52.jpg,0.12053666600000668,109674496,0
photo-1542847887-e31e3471722a.jpg,0.17694170800000109,130285568,0
photo-1573881867714-932737bf5136.jpg,0.12609258300000192,26312704,0
photo-1570002331992-2061565c3556.jpg,0.1424789579999981,5488640,0
photo-1571080680950-aac48d088bd1.jpg,0.10500220799998772,26411008,0
photo-1429497612798-1f189166a08a.jpg,0.12705137500000774,101662720,0
photo-1567028627740-4a802a64f9d0.jpg,0.10024429199999929,56573952,0
photo-1508144234962-087c012cc70b.jpg,0.12724224999999478,41205760,0
photo-1576779036897-f81b978e99d6.jpg,0.1093471670000099,-10207232,0
photo-1572162522099-7a0c28d7691b.jpg,0.11035350000000221,51970048,0
photo-1582761851734-7b6aaf41f00d.jpg,0.13873170799999457,47792128,0
photo-1580996554587-5d5cfc78b004.jpg,0.10251158300000895,40730624,0
photo-1572707691893-6217b06a7345.jpg,0.1123132499999997,20217856,0
photo-1590090992468-d2c9ba726ef5.jpg,0.11686954200000343,30867456,0
photo-1542291771-64f962701184.jpg,0.112859499999999,21364736,0
photo-1556644326-3b615a8ebed8.jpg,0.1313592500000027,75399168,0
photo-1506532876253-45e83404042b.jpg,0.14468683300000862,112967680,0
photo-1570358934836-6802981e481e.jpg,0.11820520800000622,8945664,0
photo-1591907236076-36d93c177124.jpg,0.10439670900001374,-20447232,0
photo-1572725364984-c2a074c6740c.jpg,0.11216808300000025,60309504,0
photo-1556735553-13bd26140c50.jpg,0.14897091699998555,101433344,0
photo-1443048755297-240f155c9099.jpg,0.11988008400001604,61587456,0
photo-1440869923052-61fef4b8c3a5.jpg,0.08314233400000148,39043072,0
photo-1463673493564-1bd3c6ea740f.jpg,0.06403308299999821,13107200,0
photo-1532247502237-3ebb6e1770b7.jpg,0.11340879200000131,-6176768,0
photo-1560826806-aaa0fa6795a0.jpg,0.22563137499997765,-298319872,0
photo-1564498199868-dd64aeeb69d7.jpg,0.11060516599999914,116801536,0
photo-1548183195-050889ee0ce5.jpg,0.09684020899999268,160088064,0
photo-1567712631541-12e7def8aa20.jpg,0.09119095899998797,28344320,0
photo-1579223383971-45c9a3f30190.jpg,0.12818658300000152,35028992,0
photo-1553326875-1a32421b5e36.jpg,0.13113620900000456,28278784,0
photo-1576422806311-cc135d0b8f4c.jpg,0.10331045899999936,32768,0
photo-1577424205036-56e9e093b9b9.jpg,0.10741337499999304,21037056,0
photo-1585600005346-06e98623c9e2.jpg,0.0632188749999898,30064640,0
photo-1579005067669-57bbd9b1fcb3.jpg,0.08547966599999768,7503872,0
photo-1544647593-59b72ae685d5.jpg,0.06549816700001543,1556480,0
photo-1554884133-995b1e4c1645.jpg,0.12139929200000665,3883008,0
photo-1614348645043-d60d352a0c9b.jpg,0.1058268749999911,24952832,0
photo-1571063626111-1e534e42776a.jpg,0.10910675000002357,21250048,0
photo-1590242641640-783d6672181c.jpg,0.17840195799999492,81723392,0
photo-1543002601-b85cd5b8439b.jpg,0.20493774999999914,-255393792,0
photo-1508726989460-5741fe0304b3.jpg,0.3131378340000026,-285818880,0
photo-1561355491-21e270641d1b.jpg,0.1320425830000147,348209152,0
photo-1585238943634-778fdaed42b3.jpg,0.07722195799999554,97943552,0
photo-1568085944940-8260537e7b1a.jpg,0.12246062500000221,17072128,0
photo-1567864636772-b1dc19aadc8d.jpg,0.06602862500000128,4603904,0
photo-1546540551-29dc0a3f6786.jpg,0.06935779200000525,3260416,0
photo-1503984582392-7faa00e92dd6.jpg,0.11036820799998281,12173312,0
photo-1571922189135-a872139cabfb.jpg,0.25352312500001517,-407928832,0
photo-1576914566827-04b03965eeb8.jpg,0.13451858399997718,334282752,0
photo-1587580186465-663db0a4c222.jpg,0.07914154200000212,-2392064,0
photo-1575296368784-5c631231b32a.jpg,0.11839849999998364,19988480,0
photo-1584267659831-3aeb2c46df39.jpg,0.09594762499997955,7618560,0
photo-1543429625-d79f2d85bd29.jpg,0.12993850000000862,-8192000,0
photo-1591768575198-88dac53fbd0a.jpg,0.09117604200000073,9027584,0
photo-1577475284308-62fb92f85c3b.jpg,0.12411562500000173,-10649600,0
photo-1582122423889-4dc16dfca9f4.jpg,0.13091670800000088,-5423104,0
photo-1491304670719-4bd050ba16b2.jpg,0.08947245799998882,39157760,0
photo-1568117827784-cef353f70b75.jpg,0.17883008399999767,-56147968,0
photo-1431631927486-6603c868ce5e.jpg,0.21902174999999602,-91455488,0
